input_id,link,title,category,address,open_hours,popular_times,website,phone,plus_code,review_count,review_rating,reviews_per_rating,latitude,longitude,cid,status,descriptions,reviews_link,thumbnail,timezone,price_range,data_id,images,reservations,order_online,menu,owner,complete_address,about,user_reviews,user_reviews_extended,emails,verified,facebook,instagram,linkedin,whatsapp
267abfa8-03b4-44b1-b77b-ba2fe3308e5a,https://www.google.com/maps/place/Umah+Shakti+Yoga+Bali/data=!4m7!3m6!1s0x2dd24048f2da2b2f:0x9832551a9f1d5c91!8m2!3d-8.6788102!4d115.2565089!16s%2Fg%2F11cs5m298m!19sChIJLyva8khA0i0RkVwdnxpVMpg?authuser=0&hl=en&rclk=1,Umah Shakti Yoga Bali,Yoga studio,"Gg. XI No.14, Sanur Kauh, Denpasar Selatan, Denpasar City, Bali 80227","{""Friday"":[""7.00 am–7.30 pm""],""Monday"":[""7.00 am–7.30 pm""],""Saturday"":[""7.00 am–7.30 pm""],""Sunday"":[""7.00 am–7.30 pm""],""Thursday"":[""7.00 am–7.30 pm""],""Tuesday"":[""7.00 am–7.30 pm""],""Wednesday"":[""7.00 am–7.30 pm""]}","{""Friday"":{""10"":29,""11"":21,""12"":19,""13"":19,""14"":36,""15"":48,""16"":60,""17"":85,""18"":100,""19"":95,""20"":0,""21"":0,""22"":0,""23"":0,""6"":0,""7"":29,""8"":36,""9"":34},""Monday"":{""10"":29,""11"":21,""12"":17,""13"":17,""14"":24,""15"":36,""16"":46,""17"":56,""18"":51,""19"":41,""20"":0,""21"":0,""22"":0,""23"":0,""6"":0,""7"":29,""8"":34,""9"":36},""Saturday"":{""10"":43,""11"":34,""12"":36,""13"":31,""14"":29,""15"":19,""16"":19,""17"":21,""18"":29,""19"":39,""20"":0,""21"":0,""22"":0,""23"":0,""6"":0,""7"":36,""8"":51,""9"":48},""Sunday"":{""10"":56,""11"":36,""12"":29,""13"":21,""14"":21,""15"":14,""16"":21,""17"":24,""18"":26,""19"":19,""20"":0,""21"":0,""22"":0,""23"":0,""6"":0,""7"":24,""8"":36,""9"":48},""Thursday"":{""10"":43,""11"":31,""12"":29,""13"":26,""14"":31,""15"":39,""16"":53,""17"":65,""18"":63,""19"":63,""20"":0,""21"":0,""22"":0,""23"":0,""6"":0,""7"":26,""8"":46,""9"":46},""Tuesday"":{""10"":31,""11"":24,""12"":31,""13"":24,""14"":29,""15"":34,""16"":41,""17"":43,""18"":46,""19"":58,""20"":0,""21"":0,""22"":0,""23"":0,""6"":0,""7"":12,""8"":24,""9"":29},""Wednesday"":{""10"":26,""11"":31,""12"":26,""13"":17,""14"":14,""15"":17,""16"":29,""17"":48,""18"":63,""19"":63,""20"":0,""21"":0,""22"":0,""23"":0,""6"":0,""7"":19,""8"":31,""9"":34}}",https://yogaumahshakti.com/,0813-3858-4438,"87C4+FJ Sanur Kauh, Denpasar City, Bali",90,4.900000,"{""1"":0,""2"":1,""3"":1,""4"":7,""5"":81}",-8.678810,115.256509,10966921615427591313,Closed ⋅ Opens 7.00 am,,https://search.google.com/local/reviews?placeid=ChIJLyva8khA0i0RkVwdnxpVMpg&q=Umah+Shakti+Yoga+Bali&authuser=0&hl=en&gl=ID,https://lh3.googleusercontent.com/p/AF1QipOLGzhQ4e5jHMASrloY4cEwv-qxs7ygBG9pUYeE=w426-h240-k-no,Asia/Makassar,,0x2dd24048f2da2b2f:0x9832551a9f1d5c91,"[{""title"":""All"",""image"":""https://lh3.googleusercontent.com/p/AF1QipOLGzhQ4e5jHMASrloY4cEwv-qxs7ygBG9pUYeE=w529-h298-k-no""},{""title"":""By owner"",""image"":""https://lh3.googleusercontent.com/p/AF1QipNgfKM2ES5wyKsGNLH-F0V4dZgnNzEqzTO2hO40=w224-h395-k-no""},{""title"":""Videos"",""image"":""https://lh3.googleusercontent.com/gps-cs-s/AC9h4noPdOaduNblq_9vW2LQPI-Wb_8ezhGDcLoDz3K4fmj_U1v9AQvJXMbDP4y2znHgCVqFNk5KMQd-aE4svWGegBp2krP1MW72_pL1P53VBhvPwhjx4tDSomYYd4Ut2xvLuxsGhsR2aQ=w224-h398-k-no""},{""title"":""Street View \u0026 360°"",""image"":""https://streetviewpixels-pa.googleapis.com/v1/thumbnail?panoid=mfi9o_-p46fnTMCZyA5eog\u0026cb_client=maps_sv.tactile.gps\u0026w=224\u0026h=298\u0026yaw=114.507645\u0026pitch=0\u0026thumbfov=100""}]",null,null,"{""link"":"""",""source"":""""}","{""id"":""114900475812788752781"",""name"":""Umah Shakti Yoga Bali (Owner)"",""link"":""https://www.google.com/maps/contrib/114900475812788752781""}","{""borough"":""Sanur Kauh, Denpasar Selatan"",""street"":""Gg. XI No.14"",""city"":""Denpasar City"",""postal_code"":""80227"",""state"":""Bali"",""country"":""ID""}","[{""id"":""service_options"",""name"":""Service options"",""options"":[{""name"":""Online classes"",""enabled"":true},{""name"":""On-site services"",""enabled"":true}]},{""id"":""accessibility"",""name"":""Accessibility"",""options"":[{""name"":""Wheelchair-accessible toilet"",""enabled"":true}]},{""id"":""amenities"",""name"":""Amenities"",""options"":[{""name"":""Child care"",""enabled"":true},{""name"":""Toilet"",""enabled"":true},{""name"":""Wi-Fi"",""enabled"":true},{""name"":""Wi-Fi"",""enabled"":false}]},{""id"":""planning"",""name"":""Planning"",""options"":[{""name"":""Appointments recommended"",""enabled"":true},{""name"":""Membership required"",""enabled"":true}]},{""id"":""children"",""name"":""Children"",""options"":[{""name"":""Good for kids"",""enabled"":true}]}]",[],null,,False,,,,
267abfa8-03b4-44b1-b77b-ba2fe3308e5a,https://www.google.com/maps/place/The+Peaceful+Warriors/data=!4m7!3m6!1s0x2dd23941f77c216b:0xeea66e763657000e!8m2!3d-8.6446079!4d115.1379025!16s%2Fg%2F11h33gp7kx!19sChIJayF890E50i0RDgBXNnZupu4?authuser=0&hl=en&rclk=1,The Peaceful Warriors,Yoga retreat center,"Jl. Pura Taman Sari Jl. Padanglinjong No.22, Canggu, Kuta Utara, Badung Regency, Bali 80361","{""Friday"":[""7.00 am–10.00 pm""],""Monday"":[""7.00 am–10.00 pm""],""Saturday"":[""7.00 am–10.00 pm""],""Sunday"":[""7.00 am–10.00 pm""],""Thursday"":[""7.00 am–10.00 pm""],""Tuesday"":[""7.00 am–10.00 pm""],""Wednesday"":[""7.00 am–10.00 pm""]}","{""Friday"":{""10"":69,""11"":46,""12"":23,""13"":23,""14"":23,""15"":61,""16"":53,""17"":69,""18"":61,""19"":61,""20"":61,""21"":69,""22"":0,""23"":0,""6"":0,""7"":46,""8"":69,""9"":100},""Monday"":{""10"":15,""11"":15,""12"":23,""13"":38,""14"":46,""15"":61,""16"":53,""17"":53,""18"":84,""19"":53,""20"":53,""21"":61,""22"":0,""23"":0,""6"":0,""7"":0,""8"":7,""9"":7},""Saturday"":{""10"":30,""11"":38,""12"":53,""13"":61,""14"":53,""15"":53,""16"":38,""17"":38,""18"":53,""19"":76,""20"":53,""21"":30,""22"":0,""23"":0,""6"":0,""7"":61,""8"":23,""9"":23},""Sunday"":{""10"":46,""11"":30,""12"":30,""13"":30,""14"":23,""15"":61,""16"":61,""17"":100,""18"":76,""19"":76,""20"":38,""21"":61,""22"":0,""23"":0,""6"":0,""7"":38,""8"":46,""9"":61},""Thursday"":{""10"":15,""11"":30,""12"":30,""13"":30,""14"":23,""15"":15,""16"":23,""17"":53,""18"":69,""19"":46,""20"":38,""21"":46,""22"":0,""23"":0,""6"":0,""7"":53,""8"":38,""9"":30},""Tuesday"":{""10"":53,""11"":53,""12"":53,""13"":30,""14"":38,""15"":53,""16"":84,""17"":76,""18"":92,""19"":100,""20"":100,""21"":69,""22"":0,""23"":0,""6"":0,""7"":53,""8"":30,""9"":46},""Wednesday"":{""10"":30,""11"":53,""12"":61,""13"":53,""14"":53,""15"":76,""16"":69,""17"":61,""18"":30,""19"":38,""20"":46,""21"":61,""22"":0,""23"":0,""6"":0,""7"":0,""8"":7,""9"":23}}",http://www.thepeacefulwarriorsyoga.com/,+1 480-582-0242,"944Q+55 Canggu, Badung Regency, Bali",110,5.000000,"{""1"":0,""2"":0,""3"":0,""4"":0,""5"":110}",-8.644608,115.137902,17196553681157685262,Closed ⋅ Opens 7.00 am,,https://search.google.com/local/reviews?placeid=ChIJayF890E50i0RDgBXNnZupu4&q=The+Peaceful+Warriors&authuser=0&hl=en&gl=ID,https://lh3.googleusercontent.com/p/AF1QipOi1qvHhD-pMckAYa-kORDQrzxbNQATFCyDnpXK=w408-h271-k-no,Asia/Makassar,,0x2dd23941f77c216b:0xeea66e763657000e,"[{""title"":""All"",""image"":""https://lh3.googleusercontent.com/p/AF1QipOi1qvHhD-pMckAYa-kORDQrzxbNQATFCyDnpXK=w447-h298-k-no""},{""title"":""Latest"",""image"":""https://lh3.googleusercontent.com/gps-cs-s/AC9h4nr-1rwa7wTdH-l1yz3LUF6uYJ6ojkgxoy5LlKa_l_Io8eYi9PWt5D1A0c0q5BEla-XYsDgBYksYYhpguFc3-cFe24qAFqZCmwkQTmTzRsqOhkzDf8wyA9gSo5LBFrFlEaFn5G-vt2aNUinC=w224-h298-k-no""},{""title"":""Videos"",""image"":""https://lh3.googleusercontent.com/p/AF1QipPkhmzbjIQS9l1hZAU_KsCPjno_s_mMP0znTTUt=w529-h298-k-no""},{""title"":""By owner"",""image"":""https://lh3.googleusercontent.com/p/AF1QipOpCiyL7wJumc4XaDk_KnLCQz6PxMzacdPbPJ4n=w529-h298-k-no""},{""title"":""Street View \u0026 360°"",""image"":""https://streetviewpixels-pa.googleapis.com/v1/thumbnail?panoid=i0Tnm3PNbTQyPwtLWK4rPQ\u0026cb_client=maps_sv.tactile.gps\u0026w=224\u0026h=298\u0026yaw=201.53975\u0026pitch=0\u0026thumbfov=100""}]",null,"[{""link"":""https://linktr.ee/thepeacefulwarriorsyoga"",""source"":""linktr.ee""}]","{""link"":""https://linktr.ee/thepeacefulwarriorsyoga"",""source"":""linktr.ee""}","{""id"":""108963551665447625042"",""name"":""The Peaceful Warriors (Owner)"",""link"":""https://www.google.com/maps/contrib/108963551665447625042""}","{""borough"":""Canggu, Kuta Utara"",""street"":""Jl. Pura Taman Sari Jl. Padanglinjong No.22"",""city"":""Badung Regency"",""postal_code"":""80361"",""state"":""Bali"",""country"":""ID""}","[{""id"":""service_options"",""name"":""Service options"",""options"":[{""name"":""On-site services"",""enabled"":true}]}]",[],null,,False,,,,
267abfa8-03b4-44b1-b77b-ba2fe3308e5a,https://www.google.com/maps/place/Jagaditha+Prenatal+Yoga+Studio/data=!4m7!3m6!1s0x2dd247aa5f41ad1f:0xd7420bd114c92cbf!8m2!3d-8.7100001!4d115.1717974!16s%2Fg%2F11gyym6g3f!19sChIJH61BX6pH0i0RvyzJFNELQtc?authuser=0&hl=en&rclk=1,Jagaditha Prenatal Yoga Studio,Yoga studio,"Jln Legian, Legian, Kuta, Badung Regency, Bali 80361","{""Friday"":[""Closed""],""Monday"":[""Closed""],""Saturday"":[""3.00–4.30 am""],""Sunday"":[""3.00–4.30 am""],""Thursday"":[""3.00–4.30 am""],""Tuesday"":[""3.00–4.30 am""],""Wednesday"":[""3.00–4.30 am""]}",{},,0878-3603-1765,"75QC+XP Legian, Badung Regency, Bali",36,4.900000,"{""1"":1,""2"":0,""3"":0,""4"":0,""5"":35}",-8.710000,115.171797,15510973059242208447,Closed ⋅ Opens 3.00 am,,https://search.google.com/local/reviews?placeid=ChIJH61BX6pH0i0RvyzJFNELQtc&q=Jagaditha+Prenatal+Yoga+Studio&authuser=0&hl=en&gl=ID,https://lh3.googleusercontent.com/gps-cs-s/AC9h4no-4A0QurIf2zq26ZWrVMtYku_c_67cr32zvYsfWlMTynwCHKyCntYKOyFzoEouwSIPYqcNdy6VW5FYAtVZsIIEX2hHKB6sR6vNoSLls-wJMZyYDS7ugnyur7WHd6j9drdrmK6r=w408-h306-k-no,Asia/Makassar,,0x2dd247aa5f41ad1f:0xd7420bd114c92cbf,"[{""title"":""All"",""image"":""https://lh3.googleusercontent.com/gps-cs-s/AC9h4no-4A0QurIf2zq26ZWrVMtYku_c_67cr32zvYsfWlMTynwCHKyCntYKOyFzoEouwSIPYqcNdy6VW5FYAtVZsIIEX2hHKB6sR6vNoSLls-wJMZyYDS7ugnyur7WHd6j9drdrmK6r=w397-h298-k-no""},{""title"":""Yoga"",""image"":""https://lh3.googleusercontent.com/p/AF1QipOTft9unKC66t6ic0XCAWJYwHN9QI-EW8rkOqTk=w447-h298-k-no""},{""title"":""Videos"",""image"":""https://lh3.googleusercontent.com/p/AF1QipNziAtEc9btbq8XG2YqwAKbAxNPESgbFPhJ-2il=w224-h398-k-no""},{""title"":""By owner"",""image"":""https://lh3.googleusercontent.com/p/AF1QipNtzWOtBDc1t5dYzF9THGGKaeIWj5EoJn6w_SWW=w224-h398-k-no""},{""title"":""Street View \u0026 360°"",""image"":""https://streetviewpixels-pa.googleapis.com/v1/thumbnail?panoid=5P_opDqVL8bIP0GUU7WE5Q\u0026cb_client=maps_sv.tactile.gps\u0026w=224\u0026h=298\u0026yaw=328.53192\u0026pitch=0\u0026thumbfov=100""}]",null,null,"{""link"":"""",""source"":""""}","{""id"":""112856236137572046329"",""name"":""Jagaditha Prenatal Yoga Studio (Owner)"",""link"":""https://www.google.com/maps/contrib/112856236137572046329""}","{""borough"":""Legian, Kuta"",""street"":""Jln Legian"",""city"":""Badung Regency"",""postal_code"":""80361"",""state"":""Bali"",""country"":""ID""}","[{""id"":""service_options"",""name"":""Service options"",""options"":[{""name"":""On-site services"",""enabled"":true},{""name"":""Online classes"",""enabled"":false}]},{""id"":""amenities"",""name"":""Amenities"",""options"":[{""name"":""Toilet"",""enabled"":true}]},{""id"":""planning"",""name"":""Planning"",""options"":[{""name"":""Appointment required"",""enabled"":true},{""name"":""Appointments recommended"",""enabled"":true}]},{""id"":""children"",""name"":""Children"",""options"":[{""name"":""Good for kids"",""enabled"":true}]}]",[],null,,False,,,,
1ba8bfdf-45b0-4f62-a077-d5012d35d236,https://www.google.com/maps/place/Suriyoga/data=!4m7!3m6!1s0x2dd2478139d1a305:0xe642c40b175d3eab!8m2!3d-8.7286706!4d115.1774015!16s%2Fg%2F11l37j228f!19sChIJBaPROYFH0i0Rqz5dFwvEQuY?authuser=0&hl=en&rclk=1,Suriyoga,Yoga studio,"Jl. Raya Kuta No.99x, Kuta, Badung Regency, Bali 80361","{""Friday"":[""9.00 am–7.00 pm""],""Monday"":[""9.00 am–7.00 pm""],""Saturday"":[""Closed""],""Sunday"":[""9.00 am–5.00 pm""],""Thursday"":[""9.00 am–7.00 pm""],""Tuesday"":[""9.00 am–7.00 pm""],""Wednesday"":[""9.00 am–7.00 pm""]}",{},,0812-3665-9094,"75CG+GX Kuta, Badung Regency, Bali",22,5.000000,"{""1"":0,""2"":0,""3"":0,""4"":0,""5"":22}",-8.728671,115.177401,16592039529101999787,Closed ⋅ Opens 9.00 am,,https://search.google.com/local/reviews?placeid=ChIJBaPROYFH0i0Rqz5dFwvEQuY&q=Suriyoga&authuser=0&hl=en&gl=ID,https://lh3.googleusercontent.com/gps-cs-s/AC9h4nrWqi-n0eutsDaODAAKB4swC2pk0RJOYBmtO8wSsaOOmQ_Q_AhcrwRg0DaiMvJsjODvvS0eWqa7Jeu-OJdzVpbGAGSTl5D4evsaK-itaTxaPWRcYa5hbS-0QgGxNSWQsc-zbuPauw=w408-h306-k-no,Asia/Makassar,,0x2dd2478139d1a305:0xe642c40b175d3eab,"[{""title"":""All"",""image"":""https://lh3.googleusercontent.com/gps-cs-s/AC9h4nrWqi-n0eutsDaODAAKB4swC2pk0RJOYBmtO8wSsaOOmQ_Q_AhcrwRg0DaiMvJsjODvvS0eWqa7Jeu-OJdzVpbGAGSTl5D4evsaK-itaTxaPWRcYa5hbS-0QgGxNSWQsc-zbuPauw=w397-h298-k-no""},{""title"":""Street View \u0026 360°"",""image"":""https://streetviewpixels-pa.googleapis.com/v1/thumbnail?panoid=6hVGQap4TNF0Q7YDt__Q5Q\u0026cb_client=maps_sv.tactile.gps\u0026w=224\u0026h=298\u0026yaw=71.750435\u0026pitch=0\u0026thumbfov=100""},{""title"":""Videos"",""image"":""https://lh3.googleusercontent.com/gps-cs-s/AC9h4noxiVuUX6OPbdyf_9DHW_IX8hq01ouzq_CirC2vJkRWVz2VyTDsWNHW43ieNNUhqrPIxFhckck5rhI4nbYvvUGs05eP4u8DkQwfEtiI8xpoImdQv0I8Xarps8FZYT0px0hhwTZbKf3_Y9-T=w224-h381-k-no""}]",null,null,"{""link"":"""",""source"":""""}","{""id"":""103356481052849856479"",""name"":""Suriyoga (Owner)"",""link"":""https://www.google.com/maps/contrib/103356481052849856479""}","{""borough"":""Kuta"",""street"":""Jl. Raya Kuta No.99x"",""city"":""Badung Regency"",""postal_code"":""80361"",""state"":""Bali"",""country"":""ID""}","[{""id"":""amenities"",""name"":""Amenities"",""options"":[{""name"":""Toilet"",""enabled"":true}]}]",[],null,,False,,,,
267abfa8-03b4-44b1-b77b-ba2fe3308e5a,https://www.google.com/maps/place/The+Yogis+Garden+Bali/data=!4m7!3m6!1s0x2dd2212e629c158b:0x7219bd36220f0647!8m2!3d-8.3268791!4d115.28381!16s%2Fg%2F11f5p4w7vl!19sChIJixWcYi4h0i0RRwYPIja9GXI?authuser=0&hl=en&rclk=1,The Yogis Garden Bali,Retreat center,"Jl. Ganduh No.2, Kerta, Payangan, Gianyar Regency, Bali 80572",{},{},https://yogisgardenbali.com/,0811-3977-884,"M7FM+6G Kerta, Gianyar Regency, Bali",38,4.900000,"{""1"":1,""2"":0,""3"":0,""4"":1,""5"":36}",-8.326879,115.283810,8221810634938844743,,,https://search.google.com/local/reviews?placeid=ChIJixWcYi4h0i0RRwYPIja9GXI&q=The+Yogis+Garden+Bali&authuser=0&hl=en&gl=ID,https://lh3.googleusercontent.com/gps-cs-s/AC9h4npiBLqOHdsZSMXk4rnrG5hHyY8xR3c9z1qvgRDxctW0DmCyqhgj-4csRg_HESppj0ngwriamYZ71MqE1MRLB8QgnL8UH3mAZ77abU0UU3egYmx5k9dZsxIxqhB48jNHKHxrWb82-w=w408-h306-k-no,Asia/Makassar,,0x2dd2212e629c158b:0x7219bd36220f0647,"[{""title"":""All"",""image"":""https://lh3.googleusercontent.com/gps-cs-s/AC9h4npiBLqOHdsZSMXk4rnrG5hHyY8xR3c9z1qvgRDxctW0DmCyqhgj-4csRg_HESppj0ngwriamYZ71MqE1MRLB8QgnL8UH3mAZ77abU0UU3egYmx5k9dZsxIxqhB48jNHKHxrWb82-w=w397-h298-k-no""},{""title"":""Latest"",""image"":""https://lh3.googleusercontent.com/gps-cs-s/AC9h4nq4Tw0LEPhmOz0mNTmqHCikbfl-4rFZSDhMCY7PLzoPcwQYiDHbVuONf2SV-EGYzAx34hIB_kMlxI4LCrfmLSi1JjlWuJzZbCL0g3E0v9yaZShnk41JFkx19eZ3hNnkabeXvXVC9FY6-sHB=w224-h398-k-no""},{""title"":""Videos"",""image"":""https://lh3.googleusercontent.com/gps-cs-s/AC9h4nqROLzfxefpJHuezt_cOIdX0WapKhXxysUeyPkNLxVxGv277oi9q0ip_XBnTusouJtTSD3QSN0qtxD31kbqpbIkvLuI41oJ7l8aDzuVFDeQv_4gd60H8hxuN7_CecJ49T7rS7ts6Q=w224-h398-k-no""}]",null,null,"{""link"":"""",""source"":""""}","{""id"":""114181181453562407837"",""name"":""The Yogis Garden Bali (Owner)"",""link"":""https://www.google.com/maps/contrib/114181181453562407837""}","{""borough"":""Kerta, Payangan"",""street"":""Jl. Ganduh No.2"",""city"":""Gianyar Regency"",""postal_code"":""80572"",""state"":""Bali"",""country"":""ID""}","[{""id"":""payments"",""name"":""Payments"",""options"":[{""name"":""Credit cards"",""enabled"":true},{""name"":""Debit cards"",""enabled"":true}]}]",[],null,,False,,,,
267abfa8-03b4-44b1-b77b-ba2fe3308e5a,https://www.google.com/maps/place/Santosha+Yoga+%2B+Pilates+Institute/data=!4m7!3m6!1s0x2dd26d9f1b02d6f9:0xe580e76e7a73cf1b!8m2!3d-8.6690436!4d115.4479683!16s%2Fg%2F11gl36d0l2!19sChIJ-dYCG59t0i0RG89zem7ngOU?authuser=0&hl=en&rclk=1,Santosha Yoga + Pilates Institute,Yoga retreat center,"Jungutbatu, Nusa Penida, Klungkung Regency, Bali 80771","{""Friday"":[""6.00 am–6.00 pm""],""Monday"":[""6.00 am–6.00 pm""],""Saturday"":[""6.00 am–6.00 pm""],""Sunday"":[""6.00 am–6.00 pm""],""Thursday"":[""6.00 am–6.00 pm""],""Tuesday"":[""6.00 am–6.00 pm""],""Wednesday"":[""6.00 am–6.00 pm""]}",{},https://santoshayogainstitute.edu.au/,+61 428 190 029,"8CJX+95 Jungutbatu, Klungkung Regency, Bali",176,4.800000,"{""1"":5,""2"":0,""3"":3,""4"":4,""5"":164}",-8.669044,115.447968,16537472293391290139,Closed ⋅ Opens 6.00 am,,https://search.google.com/local/reviews?placeid=ChIJ-dYCG59t0i0RG89zem7ngOU&q=Santosha+Yoga+%2B+Pilates+Institute&authuser=0&hl=en&gl=ID,https://lh3.googleusercontent.com/p/AF1QipNvcMAhNB2SHCs3HSVicgz5jf_PiGb7fQVgyyea=w408-h272-k-no,Asia/Makassar,,0x2dd26d9f1b02d6f9:0xe580e76e7a73cf1b,"[{""title"":""All"",""image"":""https://lh3.googleusercontent.com/p/AF1QipNvcMAhNB2SHCs3HSVicgz5jf_PiGb7fQVgyyea=w447-h298-k-no""},{""title"":""Yoga"",""image"":""https://lh3.googleusercontent.com/p/AF1QipNiX8wtUZe3rxi9fh7O2dFQiW3wHMyBbF6wtM3e=w327-h298-k-no""},{""title"":""Videos"",""image"":""https://lh3.googleusercontent.com/p/AF1QipP0QarwUVy1ajBdNZT7sXc1M2qLB-MCO8DbysAC=w529-h298-k-no""},{""title"":""By owner"",""image"":""https://lh3.googleusercontent.com/p/AF1QipOVPSFXptcj47PVkkFd_zbUWoLTzZ44SpZkYJIu=w530-h298-k-no""}]",null,null,"{""link"":"""",""source"":""""}","{""id"":""110036502058760434325"",""name"":""Santosha Yoga + Pilates Institute (Owner)"",""link"":""https://www.google.com/maps/contrib/110036502058760434325""}","{""borough"":""Jungutbatu, Nusa Penida"",""street"":"""",""city"":""Klungkung Regency"",""postal_code"":""80771"",""state"":""Bali"",""country"":""ID""}","[{""id"":""from_the_business"",""name"":""From the business"",""options"":[{""name"":""Identifies as women-owned"",""enabled"":true}]},{""id"":""service_options"",""name"":""Service options"",""options"":[{""name"":""On-site services"",""enabled"":true}]}]",[],null,,False,https://www.facebook.com/SantoshaYogaInstitute,https://www.instagram.com/SantoshaYogaInstitute/,,https://api.whatsapp.com/send?phone=61428190029&text=&source=&data=
267abfa8-03b4-44b1-b77b-ba2fe3308e5a,https://www.google.com/maps/place/Bali+Yoga+Retreat+-+Yoga+School+in+Bali/data=!4m7!3m6!1s0x2dd223ce98925a49:0x9c91e52b446825e2!8m2!3d-8.5106531!4d115.2583809!16s%2Fg%2F11tp9rrmq4!19sChIJSVqSmM4j0i0R4iVoRCvlkZw?authuser=0&hl=en&rclk=1,Bali Yoga Retreat - Yoga School in Bali,Yoga studio,"No 77 A, Jl. Bisma, Ubud, Gianyar Regency, Bali 80571","{""Friday"":[""Open 24 hours""],""Monday"":[""Open 24 hours""],""Saturday"":[""Open 24 hours""],""Sunday"":[""Open 24 hours""],""Thursday"":[""Open 24 hours""],""Tuesday"":[""Open 24 hours""],""Wednesday"":[""Open 24 hours""]}","{""Friday"":{""0"":23,""1"":38,""10"":46,""11"":15,""12"":15,""13"":30,""14"":53,""15"":46,""16"":38,""17"":38,""18"":38,""19"":38,""2"":76,""20"":53,""21"":46,""22"":53,""23"":23,""3"":61,""4"":38,""5"":38,""6"":76,""7"":84,""8"":92,""9"":61},""Monday"":{""0"":38,""1"":46,""10"":76,""11"":76,""12"":76,""13"":46,""14"":38,""15"":46,""16"":46,""17"":53,""18"":15,""19"":15,""2"":69,""20"":38,""21"":61,""22"":69,""23"":53,""3"":76,""4"":84,""5"":69,""6"":69,""7"":69,""8"":61,""9"":76},""Saturday"":{""0"":23,""1"":30,""10"":53,""11"":53,""12"":38,""13"":46,""14"":38,""15"":46,""16"":38,""17"":61,""18"":69,""19"":61,""2"":61,""20"":46,""21"":38,""22"":30,""23"":15,""3"":38,""4"":15,""5"":7,""6"":30,""7"":38,""8"":53,""9"":38},""Sunday"":{""0"":61,""1"":46,""10"":69,""11"":69,""12"":76,""13"":53,""14"":76,""15"":61,""16"":46,""17"":46,""18"":61,""19"":61,""2"":30,""20"":61,""21"":46,""22"":46,""23"":46,""3"":23,""4"":46,""5"":84,""6"":100,""7"":100,""8"":76,""9"":69},""Thursday"":{""0"":15,""1"":46,""10"":53,""11"":38,""12"":23,""13"":7,""14"":15,""15"":23,""16"":38,""17"":61,""18"":76,""19"":84,""2"":46,""20"":61,""21"":38,""22"":15,""23"":7,""3"":53,""4"":30,""5"":46,""6"":69,""7"":76,""8"":69,""9"":61},""Tuesday"":{""0"":61,""1"":53,""10"":61,""11"":84,""12"":76,""13"":53,""14"":46,""15"":38,""16"":46,""17"":30,""18"":23,""19"":30,""2"":76,""20"":38,""21"":46,""22"":61,""23"":69,""3"":76,""4"":69,""5"":38,""6"":23,""7"":38,""8"":30,""9"":53},""Wednesday"":{""0"":30,""1"":23,""10"":46,""11"":46,""12"":38,""13"":46,""14"":46,""15"":46,""16"":38,""17"":15,""18"":23,""19"":38,""2"":30,""20"":53,""21"":38,""22"":53,""23"":38,""3"":15,""4"":23,""5"":30,""6"":38,""7"":30,""8"":38,""9"":23}}",https://baliyogaretreats.org/,+91 99977 44876,"F7Q5+P9 Ubud, Gianyar Regency, Bali",56,5.000000,"{""1"":0,""2"":0,""3"":0,""4"":0,""5"":56}",-8.510653,115.258381,11282050515533833698,Open 24 hours,,https://search.google.com/local/reviews?placeid=ChIJSVqSmM4j0i0R4iVoRCvlkZw&q=Bali+Yoga+Retreat+-+Yoga+School+in+Bali&authuser=0&hl=en&gl=ID,https://lh3.googleusercontent.com/p/AF1QipMv21cKwpTWfF_PpS3C54ZdUsyXFyKXQ5dYTnay=w408-h272-k-no,Asia/Makassar,,0x2dd223ce98925a49:0x9c91e52b446825e2,"[{""title"":""All"",""image"":""https://lh3.googleusercontent.com/p/AF1QipMv21cKwpTWfF_PpS3C54ZdUsyXFyKXQ5dYTnay=w447-h298-k-no""},{""title"":""Latest"",""image"":""https://lh3.googleusercontent.com/p/AF1QipNdjYEu-EV7FBHuNTJqLBoajGe8hoPkUmbAljRN=w224-h336-k-no""},{""title"":""Videos"",""image"":""https://lh3.googleusercontent.com/p/AF1QipO3nhKuRubttX3p-HZmWnMSnLB6PQJVt08vdCOo=w238-h298-k-no""},{""title"":""Yoga"",""image"":""https://lh3.googleusercontent.com/p/AF1QipNdYY04aFL3r0lQuHTxPU_oMTYuU22s_n7eb95b=w364-h298-k-no""},{""title"":""By owner"",""image"":""https://lh3.googleusercontent.com/p/AF1QipORRgISbG1lbcb2KhdhfeLR7DuSQ36h1pUZugID=w224-h398-k-no""},{""title"":""Street View \u0026 360°"",""image"":""https://streetviewpixels-pa.googleapis.com/v1/thumbnail?panoid=Fn7iLJcRRcZ9YyJtr_5yRA\u0026cb_client=maps_sv.tactile.gps\u0026w=224\u0026h=298\u0026yaw=111.36196\u0026pitch=0\u0026thumbfov=100""}]",null,null,"{""link"":""https://baliyogaretreats.org/200-hour-yoga-teacher-training-in-bali.php"",""source"":""baliyogaretreats.org""}","{""id"":""115245904558054571314"",""name"":""Bali Yoga Retreat - Yoga School in Bali (Owner)"",""link"":""https://www.google.com/maps/contrib/115245904558054571314""}","{""borough"":""Ubud"",""street"":""No 77 A, Jl. Bisma"",""city"":""Gianyar Regency"",""postal_code"":""80571"",""state"":""Bali"",""country"":""ID""}","[{""id"":""service_options"",""name"":""Service options"",""options"":[{""name"":""Online classes"",""enabled"":true},{""name"":""On-site services"",""enabled"":true}]},{""id"":""accessibility"",""name"":""Accessibility"",""options"":[{""name"":""Wheelchair-accessible car park"",""enabled"":true},{""name"":""Wheelchair-accessible entrance"",""enabled"":true},{""name"":""Wheelchair-accessible seating"",""enabled"":true},{""name"":""Wheelchair-accessible toilet"",""enabled"":true},{""name"":""Assistive hearing loop"",""enabled"":false}]},{""id"":""amenities"",""name"":""Amenities"",""options"":[{""name"":""Gender-neutral toilets"",""enabled"":true},{""name"":""Toilet"",""enabled"":true},{""name"":""Wi-Fi"",""enabled"":true},{""name"":""Wi-Fi"",""enabled"":false}]},{""id"":""atmosphere"",""name"":""Atmosphere"",""options"":[{""name"":""Shower"",""enabled"":true}]},{""id"":""planning"",""name"":""Planning"",""options"":[{""name"":""Appointment required"",""enabled"":true}]},{""id"":""payments"",""name"":""Payments"",""options"":[{""name"":""Cheques"",""enabled"":true}]},{""id"":""children"",""name"":""Children"",""options"":[{""name"":""Good for kids"",""enabled"":true}]},{""id"":""parking"",""name"":""Parking"",""options"":[{""name"":""On-site parking"",""enabled"":true}]}]",[],null,,False,,,,
267abfa8-03b4-44b1-b77b-ba2fe3308e5a,https://www.google.com/maps/place/Bliss+Baby+Yoga/data=!4m7!3m6!1s0x6b9063199b258175:0xc1d9c68b24d7d69c!8m2!3d-30.479346!4d152.9418327!16s%2Fg%2F11j8m_0471!19sChIJdYElmxljkGsRnNbXJIvG2cE?authuser=0&hl=en&rclk=1,Bliss Baby Yoga,Yoga studio,"105 Mount St, Fernmount NSW 2454, Australia",{},{},http://www.blissbabyyoga.com/,+61 402 752 465,"GWCR+7P Fernmount, New South Wales, Australia",35,5.000000,"{""1"":0,""2"":0,""3"":0,""4"":0,""5"":35}",-30.479346,152.941833,13968414020187182748,,,https://search.google.com/local/reviews?placeid=ChIJdYElmxljkGsRnNbXJIvG2cE&q=Bliss+Baby+Yoga&authuser=0&hl=en&gl=ID,https://lh3.googleusercontent.com/p/AF1QipMt61aqNlSmVyaqhsg7TYLFxXYF3EE3kEU7UCR2=w408-h481-k-no,Australia/Sydney,,0x6b9063199b258175:0xc1d9c68b24d7d69c,"[{""title"":""All"",""image"":""https://lh3.googleusercontent.com/p/AF1QipMt61aqNlSmVyaqhsg7TYLFxXYF3EE3kEU7UCR2=w252-h298-k-no""},{""title"":""By owner"",""image"":""https://lh3.googleusercontent.com/p/AF1QipMDdm4Yz2e2N_DsYUBh71EtUl-x8lpMuyVwHFko=w605-h298-k-no""},{""title"":""Street View \u0026 360°"",""image"":""https://streetviewpixels-pa.googleapis.com/v1/thumbnail?panoid=U5fTzE-3Nbw7IOnGlTtulQ\u0026cb_client=maps_sv.tactile.gps\u0026w=224\u0026h=298\u0026yaw=5.3075657\u0026pitch=0\u0026thumbfov=100""}]",null,null,"{""link"":"""",""source"":""""}","{""id"":""109433054195656618026"",""name"":""Bliss Baby Yoga (Owner)"",""link"":""https://www.google.com/maps/contrib/109433054195656618026""}","{""borough"":"""",""street"":""105 Mount St"",""city"":""Fernmount"",""postal_code"":""2454"",""state"":""New South Wales"",""country"":""AU""}","[{""id"":""from_the_business"",""name"":""From the business"",""options"":[{""name"":""Identifies as women-owned"",""enabled"":true}]},{""id"":""service_options"",""name"":""Service options"",""options"":[{""name"":""Online classes"",""enabled"":true},{""name"":""On-site services"",""enabled"":false}]}]",[],null,,False,,,,
267abfa8-03b4-44b1-b77b-ba2fe3308e5a,https://www.google.com/maps/place/Prenatal+Yoga+with+Ciara/data=!4m7!3m6!1s0x2a32afaefa06d68b:0xd9f08990dd136dd7!8m2!3d-31.8947894!4d115.7591165!16s%2Fg%2F11vytfxb0r!19sChIJi9YG-q6vMioR120T3ZCJ8Nk?authuser=0&hl=en&rclk=1,Prenatal Yoga with Ciara,Yoga instructor,"Shop 23/27 Scarborough Beach Rd, Scarborough WA 6019, Australia","{""Friday"":[""Closed""],""Monday"":[""Closed""],""Saturday"":[""9.00–10.30 am""],""Sunday"":[""Closed""],""Thursday"":[""Closed""],""Tuesday"":[""6.30–8.00 pm""],""Wednesday"":[""Closed""]}",{},https://yogawithciara.as.me/schedule.php,+61 499 741 022,"4Q45+3J Scarborough, Western Australia, Australia",64,5.000000,"{""1"":0,""2"":0,""3"":0,""4"":0,""5"":64}",-31.894789,115.759116,15704203155918253527,Closed ⋅ Opens 9.00 am Sat,,https://search.google.com/local/reviews?placeid=ChIJi9YG-q6vMioR120T3ZCJ8Nk&q=Prenatal+Yoga+with+Ciara&authuser=0&hl=en&gl=ID,https://lh3.googleusercontent.com/p/AF1QipOxISJi1jPrW1E38DdiPHtijdeluQicIFPKGWb_=w408-h272-k-no,Australia/Perth,,0x2a32afaefa06d68b:0xd9f08990dd136dd7,"[{""title"":""All"",""image"":""https://lh3.googleusercontent.com/p/AF1QipOxISJi1jPrW1E38DdiPHtijdeluQicIFPKGWb_=w446-h298-k-no""},{""title"":""By owner"",""image"":""https://lh3.googleusercontent.com/p/AF1QipOxPwKsGgC4zfpc7T2ARvINTyDD1kzC-Duecl8d=w224-h298-k-no""},{""title"":""Street View \u0026 360°"",""image"":""https://streetviewpixels-pa.googleapis.com/v1/thumbnail?panoid=Gli32pX0jtD9_kurXzvtRg\u0026cb_client=maps_sv.tactile.gps\u0026w=224\u0026h=298\u0026yaw=216.68907\u0026pitch=0\u0026thumbfov=100""}]",null,null,"{""link"":"""",""source"":""""}","{""id"":""102229555706650402283"",""name"":""Prenatal Yoga with Ciara (Owner)"",""link"":""https://www.google.com/maps/contrib/102229555706650402283""}","{""borough"":"""",""street"":""Shop 23/27 Scarborough Beach Rd"",""city"":""Scarborough"",""postal_code"":""6019"",""state"":""Western Australia"",""country"":""AU""}","[{""id"":""accessibility"",""name"":""Accessibility"",""options"":[{""name"":""Wheelchair-accessible car park"",""enabled"":true}]}]",[],null,,False,,,,
